scope,board_size,model,language_representation,reasoning_effort,sampling_round,metric_category,metric_name,count,denominator,rate,value
overall,,,,,,outcome,passed,0,0,,
overall,,,,,,outcome,failed,0,0,,
overall,,,,,,outcome,transport_errors,35,35,1.0,
overall,,,,,,failed_constraint,parse_ok,0,0,,
overall,,,,,,failed_constraint,sequence_valid,0,0,,
overall,,,,,,failed_constraint,min_length_fulfilled,0,0,,
overall,,,,,,failed_constraint,spatial_valid,0,0,,
overall,,,,,,failed_constraint,overlap_valid,0,0,,
overall,,,,,,failed_constraint,no_word_extension,0,0,,
overall,,,,,,failed_constraint,cross_words_valid,0,0,,
overall,,,,,,failed_constraint,rack_valid,0,0,,
overall,,,,,,timing,request_elapsed_seconds_mean,,,,0.3071284155294831
overall,,,,,,timing,request_elapsed_seconds_median,,,,0.3061022909823805
overall,,,,,,timing,request_elapsed_seconds_min,,,,0.1077330419793725
overall,,,,,,timing,request_elapsed_seconds_max,,,,0.6170677499612793
overall,,,,,,timing,request_elapsed_seconds_sum,,,,10.74949454353191
group,200,or_claude-opus-4-8,forbidden-snippets,xhigh,,outcome,passed,0,0,,
group,200,or_claude-opus-4-8,forbidden-snippets,xhigh,,outcome,failed,0,0,,
group,200,or_claude-opus-4-8,forbidden-snippets,xhigh,,outcome,transport_errors,1,1,1.0,
group,200,or_claude-opus-4-8,forbidden-snippets,xhigh,,failed_constraint,parse_ok,0,0,,
group,200,or_claude-opus-4-8,forbidden-snippets,xhigh,,failed_constraint,sequence_valid,0,0,,
group,200,or_claude-opus-4-8,forbidden-snippets,xhigh,,failed_constraint,min_length_fulfilled,0,0,,
group,200,or_claude-opus-4-8,forbidden-snippets,xhigh,,failed_constraint,spatial_valid,0,0,,
group,200,or_claude-opus-4-8,forbidden-snippets,xhigh,,failed_constraint,overlap_valid,0,0,,
group,200,or_claude-opus-4-8,forbidden-snippets,xhigh,,failed_constraint,no_word_extension,0,0,,
group,200,or_claude-opus-4-8,forbidden-snippets,xhigh,,failed_constraint,cross_words_valid,0,0,,
group,200,or_claude-opus-4-8,forbidden-snippets,xhigh,,failed_constraint,rack_valid,0,0,,
group,200,or_claude-opus-4-8,forbidden-snippets,xhigh,,timing,request_elapsed_seconds_mean,,,,0.2283440420869738
group,200,or_claude-opus-4-8,forbidden-snippets,xhigh,,timing,request_elapsed_seconds_median,,,,0.2283440420869738
group,200,or_claude-opus-4-8,forbidden-snippets,xhigh,,timing,request_elapsed_seconds_min,,,,0.2283440420869738
group,200,or_claude-opus-4-8,forbidden-snippets,xhigh,,timing,request_elapsed_seconds_max,,,,0.2283440420869738
group,200,or_claude-opus-4-8,forbidden-snippets,xhigh,,timing,request_elapsed_seconds_sum,,,,0.2283440420869738
group,200,or_deepseek-v4-pro,forbidden-snippets,xhigh,,outcome,passed,0,0,,
group,200,or_deepseek-v4-pro,forbidden-snippets,xhigh,,outcome,failed,0,0,,
group,200,or_deepseek-v4-pro,forbidden-snippets,xhigh,,outcome,transport_errors,1,1,1.0,
group,200,or_deepseek-v4-pro,forbidden-snippets,xhigh,,failed_constraint,parse_ok,0,0,,
group,200,or_deepseek-v4-pro,forbidden-snippets,xhigh,,failed_constraint,sequence_valid,0,0,,
group,200,or_deepseek-v4-pro,forbidden-snippets,xhigh,,failed_constraint,min_length_fulfilled,0,0,,
group,200,or_deepseek-v4-pro,forbidden-snippets,xhigh,,failed_constraint,spatial_valid,0,0,,
group,200,or_deepseek-v4-pro,forbidden-snippets,xhigh,,failed_constraint,overlap_valid,0,0,,
group,200,or_deepseek-v4-pro,forbidden-snippets,xhigh,,failed_constraint,no_word_extension,0,0,,
group,200,or_deepseek-v4-pro,forbidden-snippets,xhigh,,failed_constraint,cross_words_valid,0,0,,
group,200,or_deepseek-v4-pro,forbidden-snippets,xhigh,,failed_constraint,rack_valid,0,0,,
group,200,or_deepseek-v4-pro,forbidden-snippets,xhigh,,timing,request_elapsed_seconds_mean,,,,0.3544462500140071
group,200,or_deepseek-v4-pro,forbidden-snippets,xhigh,,timing,request_elapsed_seconds_median,,,,0.3544462500140071
group,200,or_deepseek-v4-pro,forbidden-snippets,xhigh,,timing,request_elapsed_seconds_min,,,,0.3544462500140071
group,200,or_deepseek-v4-pro,forbidden-snippets,xhigh,,timing,request_elapsed_seconds_max,,,,0.3544462500140071
group,200,or_deepseek-v4-pro,forbidden-snippets,xhigh,,timing,request_elapsed_seconds_sum,,,,0.3544462500140071
group,200,or_gemini-3-1-pro,forbidden-snippets,xhigh,,outcome,passed,0,0,,
group,200,or_gemini-3-1-pro,forbidden-snippets,xhigh,,outcome,failed,0,0,,
group,200,or_gemini-3-1-pro,forbidden-snippets,xhigh,,outcome,transport_errors,1,1,1.0,
group,200,or_gemini-3-1-pro,forbidden-snippets,xhigh,,failed_constraint,parse_ok,0,0,,
group,200,or_gemini-3-1-pro,forbidden-snippets,xhigh,,failed_constraint,sequence_valid,0,0,,
group,200,or_gemini-3-1-pro,forbidden-snippets,xhigh,,failed_constraint,min_length_fulfilled,0,0,,
group,200,or_gemini-3-1-pro,forbidden-snippets,xhigh,,failed_constraint,spatial_valid,0,0,,
group,200,or_gemini-3-1-pro,forbidden-snippets,xhigh,,failed_constraint,overlap_valid,0,0,,
group,200,or_gemini-3-1-pro,forbidden-snippets,xhigh,,failed_constraint,no_word_extension,0,0,,
group,200,or_gemini-3-1-pro,forbidden-snippets,xhigh,,failed_constraint,cross_words_valid,0,0,,
group,200,or_gemini-3-1-pro,forbidden-snippets,xhigh,,failed_constraint,rack_valid,0,0,,
group,200,or_gemini-3-1-pro,forbidden-snippets,xhigh,,timing,request_elapsed_seconds_mean,,,,0.24229974998161197
group,200,or_gemini-3-1-pro,forbidden-snippets,xhigh,,timing,request_elapsed_seconds_median,,,,0.24229974998161197
group,200,or_gemini-3-1-pro,forbidden-snippets,xhigh,,timing,request_elapsed_seconds_min,,,,0.24229974998161197
group,200,or_gemini-3-1-pro,forbidden-snippets,xhigh,,timing,request_elapsed_seconds_max,,,,0.24229974998161197
group,200,or_gemini-3-1-pro,forbidden-snippets,xhigh,,timing,request_elapsed_seconds_sum,,,,0.24229974998161197
group,200,or_gpt-5-5,forbidden-snippets,xhigh,,outcome,passed,0,0,,
group,200,or_gpt-5-5,forbidden-snippets,xhigh,,outcome,failed,0,0,,
group,200,or_gpt-5-5,forbidden-snippets,xhigh,,outcome,transport_errors,1,1,1.0,
group,200,or_gpt-5-5,forbidden-snippets,xhigh,,failed_constraint,parse_ok,0,0,,
group,200,or_gpt-5-5,forbidden-snippets,xhigh,,failed_constraint,sequence_valid,0,0,,
group,200,or_gpt-5-5,forbidden-snippets,xhigh,,failed_constraint,min_length_fulfilled,0,0,,
group,200,or_gpt-5-5,forbidden-snippets,xhigh,,failed_constraint,spatial_valid,0,0,,
group,200,or_gpt-5-5,forbidden-snippets,xhigh,,failed_constraint,overlap_valid,0,0,,
group,200,or_gpt-5-5,forbidden-snippets,xhigh,,failed_constraint,no_word_extension,0,0,,
group,200,or_gpt-5-5,forbidden-snippets,xhigh,,failed_constraint,cross_words_valid,0,0,,
group,200,or_gpt-5-5,forbidden-snippets,xhigh,,failed_constraint,rack_valid,0,0,,
group,200,or_gpt-5-5,forbidden-snippets,xhigh,,timing,request_elapsed_seconds_mean,,,,0.6144496669294313
group,200,or_gpt-5-5,forbidden-snippets,xhigh,,timing,request_elapsed_seconds_median,,,,0.6144496669294313
group,200,or_gpt-5-5,forbidden-snippets,xhigh,,timing,request_elapsed_seconds_min,,,,0.6144496669294313
group,200,or_gpt-5-5,forbidden-snippets,xhigh,,timing,request_elapsed_seconds_max,,,,0.6144496669294313
group,200,or_gpt-5-5,forbidden-snippets,xhigh,,timing,request_elapsed_seconds_sum,,,,0.6144496669294313
group,200,or_grok-4-3,forbidden-snippets,xhigh,,outcome,passed,0,0,,
group,200,or_grok-4-3,forbidden-snippets,xhigh,,outcome,failed,0,0,,
group,200,or_grok-4-3,forbidden-snippets,xhigh,,outcome,transport_errors,1,1,1.0,
group,200,or_grok-4-3,forbidden-snippets,xhigh,,failed_constraint,parse_ok,0,0,,
group,200,or_grok-4-3,forbidden-snippets,xhigh,,failed_constraint,sequence_valid,0,0,,
group,200,or_grok-4-3,forbidden-snippets,xhigh,,failed_constraint,min_length_fulfilled,0,0,,
group,200,or_grok-4-3,forbidden-snippets,xhigh,,failed_constraint,spatial_valid,0,0,,
group,200,or_grok-4-3,forbidden-snippets,xhigh,,failed_constraint,overlap_valid,0,0,,
group,200,or_grok-4-3,forbidden-snippets,xhigh,,failed_constraint,no_word_extension,0,0,,
group,200,or_grok-4-3,forbidden-snippets,xhigh,,failed_constraint,cross_words_valid,0,0,,
group,200,or_grok-4-3,forbidden-snippets,xhigh,,failed_constraint,rack_valid,0,0,,
group,200,or_grok-4-3,forbidden-snippets,xhigh,,timing,request_elapsed_seconds_mean,,,,0.14540529192890972
group,200,or_grok-4-3,forbidden-snippets,xhigh,,timing,request_elapsed_seconds_median,,,,0.14540529192890972
group,200,or_grok-4-3,forbidden-snippets,xhigh,,timing,request_elapsed_seconds_min,,,,0.14540529192890972
group,200,or_grok-4-3,forbidden-snippets,xhigh,,timing,request_elapsed_seconds_max,,,,0.14540529192890972
group,200,or_grok-4-3,forbidden-snippets,xhigh,,timing,request_elapsed_seconds_sum,,,,0.14540529192890972
group,200,or_kimi-k2-6,forbidden-snippets,xhigh,,outcome,passed,0,0,,
group,200,or_kimi-k2-6,forbidden-snippets,xhigh,,outcome,failed,0,0,,
group,200,or_kimi-k2-6,forbidden-snippets,xhigh,,outcome,transport_errors,1,1,1.0,
group,200,or_kimi-k2-6,forbidden-snippets,xhigh,,failed_constraint,parse_ok,0,0,,
group,200,or_kimi-k2-6,forbidden-snippets,xhigh,,failed_constraint,sequence_valid,0,0,,
group,200,or_kimi-k2-6,forbidden-snippets,xhigh,,failed_constraint,min_length_fulfilled,0,0,,
group,200,or_kimi-k2-6,forbidden-snippets,xhigh,,failed_constraint,spatial_valid,0,0,,
group,200,or_kimi-k2-6,forbidden-snippets,xhigh,,failed_constraint,overlap_valid,0,0,,
group,200,or_kimi-k2-6,forbidden-snippets,xhigh,,failed_constraint,no_word_extension,0,0,,
group,200,or_kimi-k2-6,forbidden-snippets,xhigh,,failed_constraint,cross_words_valid,0,0,,
group,200,or_kimi-k2-6,forbidden-snippets,xhigh,,failed_constraint,rack_valid,0,0,,
group,200,or_kimi-k2-6,forbidden-snippets,xhigh,,timing,request_elapsed_seconds_mean,,,,0.27341237501241267
group,200,or_kimi-k2-6,forbidden-snippets,xhigh,,timing,request_elapsed_seconds_median,,,,0.27341237501241267
group,200,or_kimi-k2-6,forbidden-snippets,xhigh,,timing,request_elapsed_seconds_min,,,,0.27341237501241267
group,200,or_kimi-k2-6,forbidden-snippets,xhigh,,timing,request_elapsed_seconds_max,,,,0.27341237501241267
group,200,or_kimi-k2-6,forbidden-snippets,xhigh,,timing,request_elapsed_seconds_sum,,,,0.27341237501241267
group,200,or_qwen3-7-max,forbidden-snippets,xhigh,,outcome,passed,0,0,,
group,200,or_qwen3-7-max,forbidden-snippets,xhigh,,outcome,failed,0,0,,
group,200,or_qwen3-7-max,forbidden-snippets,xhigh,,outcome,transport_errors,1,1,1.0,
group,200,or_qwen3-7-max,forbidden-snippets,xhigh,,failed_constraint,parse_ok,0,0,,
group,200,or_qwen3-7-max,forbidden-snippets,xhigh,,failed_constraint,sequence_valid,0,0,,
group,200,or_qwen3-7-max,forbidden-snippets,xhigh,,failed_constraint,min_length_fulfilled,0,0,,
group,200,or_qwen3-7-max,forbidden-snippets,xhigh,,failed_constraint,spatial_valid,0,0,,
group,200,or_qwen3-7-max,forbidden-snippets,xhigh,,failed_constraint,overlap_valid,0,0,,
group,200,or_qwen3-7-max,forbidden-snippets,xhigh,,failed_constraint,no_word_extension,0,0,,
group,200,or_qwen3-7-max,forbidden-snippets,xhigh,,failed_constraint,cross_words_valid,0,0,,
group,200,or_qwen3-7-max,forbidden-snippets,xhigh,,failed_constraint,rack_valid,0,0,,
group,200,or_qwen3-7-max,forbidden-snippets,xhigh,,timing,request_elapsed_seconds_mean,,,,0.2524635409936309
group,200,or_qwen3-7-max,forbidden-snippets,xhigh,,timing,request_elapsed_seconds_median,,,,0.2524635409936309
group,200,or_qwen3-7-max,forbidden-snippets,xhigh,,timing,request_elapsed_seconds_min,,,,0.2524635409936309
group,200,or_qwen3-7-max,forbidden-snippets,xhigh,,timing,request_elapsed_seconds_max,,,,0.2524635409936309
group,200,or_qwen3-7-max,forbidden-snippets,xhigh,,timing,request_elapsed_seconds_sum,,,,0.2524635409936309
group,25,or_claude-opus-4-8,forbidden-snippets,xhigh,,outcome,passed,0,0,,
group,25,or_claude-opus-4-8,forbidden-snippets,xhigh,,outcome,failed,0,0,,
group,25,or_claude-opus-4-8,forbidden-snippets,xhigh,,outcome,transport_errors,1,1,1.0,
group,25,or_claude-opus-4-8,forbidden-snippets,xhigh,,failed_constraint,parse_ok,0,0,,
group,25,or_claude-opus-4-8,forbidden-snippets,xhigh,,failed_constraint,sequence_valid,0,0,,
group,25,or_claude-opus-4-8,forbidden-snippets,xhigh,,failed_constraint,min_length_fulfilled,0,0,,
group,25,or_claude-opus-4-8,forbidden-snippets,xhigh,,failed_constraint,spatial_valid,0,0,,
group,25,or_claude-opus-4-8,forbidden-snippets,xhigh,,failed_constraint,overlap_valid,0,0,,
group,25,or_claude-opus-4-8,forbidden-snippets,xhigh,,failed_constraint,no_word_extension,0,0,,
group,25,or_claude-opus-4-8,forbidden-snippets,xhigh,,failed_constraint,cross_words_valid,0,0,,
group,25,or_claude-opus-4-8,forbidden-snippets,xhigh,,failed_constraint,rack_valid,0,0,,
group,25,or_claude-opus-4-8,forbidden-snippets,xhigh,,timing,request_elapsed_seconds_mean,,,,0.18878629198297858
group,25,or_claude-opus-4-8,forbidden-snippets,xhigh,,timing,request_elapsed_seconds_median,,,,0.18878629198297858
group,25,or_claude-opus-4-8,forbidden-snippets,xhigh,,timing,request_elapsed_seconds_min,,,,0.18878629198297858
group,25,or_claude-opus-4-8,forbidden-snippets,xhigh,,timing,request_elapsed_seconds_max,,,,0.18878629198297858
group,25,or_claude-opus-4-8,forbidden-snippets,xhigh,,timing,request_elapsed_seconds_sum,,,,0.18878629198297858
group,25,or_deepseek-v4-pro,forbidden-snippets,xhigh,,outcome,passed,0,0,,
group,25,or_deepseek-v4-pro,forbidden-snippets,xhigh,,outcome,failed,0,0,,
group,25,or_deepseek-v4-pro,forbidden-snippets,xhigh,,outcome,transport_errors,1,1,1.0,
group,25,or_deepseek-v4-pro,forbidden-snippets,xhigh,,failed_constraint,parse_ok,0,0,,
group,25,or_deepseek-v4-pro,forbidden-snippets,xhigh,,failed_constraint,sequence_valid,0,0,,
group,25,or_deepseek-v4-pro,forbidden-snippets,xhigh,,failed_constraint,min_length_fulfilled,0,0,,
group,25,or_deepseek-v4-pro,forbidden-snippets,xhigh,,failed_constraint,spatial_valid,0,0,,
group,25,or_deepseek-v4-pro,forbidden-snippets,xhigh,,failed_constraint,overlap_valid,0,0,,
group,25,or_deepseek-v4-pro,forbidden-snippets,xhigh,,failed_constraint,no_word_extension,0,0,,
group,25,or_deepseek-v4-pro,forbidden-snippets,xhigh,,failed_constraint,cross_words_valid,0,0,,
group,25,or_deepseek-v4-pro,forbidden-snippets,xhigh,,failed_constraint,rack_valid,0,0,,
group,25,or_deepseek-v4-pro,forbidden-snippets,xhigh,,timing,request_elapsed_seconds_mean,,,,0.13896599994041026
group,25,or_deepseek-v4-pro,forbidden-snippets,xhigh,,timing,request_elapsed_seconds_median,,,,0.13896599994041026
group,25,or_deepseek-v4-pro,forbidden-snippets,xhigh,,timing,request_elapsed_seconds_min,,,,0.13896599994041026
group,25,or_deepseek-v4-pro,forbidden-snippets,xhigh,,timing,request_elapsed_seconds_max,,,,0.13896599994041026
group,25,or_deepseek-v4-pro,forbidden-snippets,xhigh,,timing,request_elapsed_seconds_sum,,,,0.13896599994041026
group,25,or_gemini-3-1-pro,forbidden-snippets,xhigh,,outcome,passed,0,0,,
group,25,or_gemini-3-1-pro,forbidden-snippets,xhigh,,outcome,failed,0,0,,
group,25,or_gemini-3-1-pro,forbidden-snippets,xhigh,,outcome,transport_errors,1,1,1.0,
group,25,or_gemini-3-1-pro,forbidden-snippets,xhigh,,failed_constraint,parse_ok,0,0,,
group,25,or_gemini-3-1-pro,forbidden-snippets,xhigh,,failed_constraint,sequence_valid,0,0,,
group,25,or_gemini-3-1-pro,forbidden-snippets,xhigh,,failed_constraint,min_length_fulfilled,0,0,,
group,25,or_gemini-3-1-pro,forbidden-snippets,xhigh,,failed_constraint,spatial_valid,0,0,,
group,25,or_gemini-3-1-pro,forbidden-snippets,xhigh,,failed_constraint,overlap_valid,0,0,,
group,25,or_gemini-3-1-pro,forbidden-snippets,xhigh,,failed_constraint,no_word_extension,0,0,,
group,25,or_gemini-3-1-pro,forbidden-snippets,xhigh,,failed_constraint,cross_words_valid,0,0,,
group,25,or_gemini-3-1-pro,forbidden-snippets,xhigh,,failed_constraint,rack_valid,0,0,,
group,25,or_gemini-3-1-pro,forbidden-snippets,xhigh,,timing,request_elapsed_seconds_mean,,,,0.12366779206786305
group,25,or_gemini-3-1-pro,forbidden-snippets,xhigh,,timing,request_elapsed_seconds_median,,,,0.12366779206786305
group,25,or_gemini-3-1-pro,forbidden-snippets,xhigh,,timing,request_elapsed_seconds_min,,,,0.12366779206786305
group,25,or_gemini-3-1-pro,forbidden-snippets,xhigh,,timing,request_elapsed_seconds_max,,,,0.12366779206786305
group,25,or_gemini-3-1-pro,forbidden-snippets,xhigh,,timing,request_elapsed_seconds_sum,,,,0.12366779206786305
group,25,or_gpt-5-5,forbidden-snippets,xhigh,,outcome,passed,0,0,,
group,25,or_gpt-5-5,forbidden-snippets,xhigh,,outcome,failed,0,0,,
group,25,or_gpt-5-5,forbidden-snippets,xhigh,,outcome,transport_errors,1,1,1.0,
group,25,or_gpt-5-5,forbidden-snippets,xhigh,,failed_constraint,parse_ok,0,0,,
group,25,or_gpt-5-5,forbidden-snippets,xhigh,,failed_constraint,sequence_valid,0,0,,
group,25,or_gpt-5-5,forbidden-snippets,xhigh,,failed_constraint,min_length_fulfilled,0,0,,
group,25,or_gpt-5-5,forbidden-snippets,xhigh,,failed_constraint,spatial_valid,0,0,,
group,25,or_gpt-5-5,forbidden-snippets,xhigh,,failed_constraint,overlap_valid,0,0,,
group,25,or_gpt-5-5,forbidden-snippets,xhigh,,failed_constraint,no_word_extension,0,0,,
group,25,or_gpt-5-5,forbidden-snippets,xhigh,,failed_constraint,cross_words_valid,0,0,,
group,25,or_gpt-5-5,forbidden-snippets,xhigh,,failed_constraint,rack_valid,0,0,,
group,25,or_gpt-5-5,forbidden-snippets,xhigh,,timing,request_elapsed_seconds_mean,,,,0.12202987493947148
group,25,or_gpt-5-5,forbidden-snippets,xhigh,,timing,request_elapsed_seconds_median,,,,0.12202987493947148
group,25,or_gpt-5-5,forbidden-snippets,xhigh,,timing,request_elapsed_seconds_min,,,,0.12202987493947148
group,25,or_gpt-5-5,forbidden-snippets,xhigh,,timing,request_elapsed_seconds_max,,,,0.12202987493947148
group,25,or_gpt-5-5,forbidden-snippets,xhigh,,timing,request_elapsed_seconds_sum,,,,0.12202987493947148
group,25,or_grok-4-3,forbidden-snippets,xhigh,,outcome,passed,0,0,,
group,25,or_grok-4-3,forbidden-snippets,xhigh,,outcome,failed,0,0,,
group,25,or_grok-4-3,forbidden-snippets,xhigh,,outcome,transport_errors,1,1,1.0,
group,25,or_grok-4-3,forbidden-snippets,xhigh,,failed_constraint,parse_ok,0,0,,
group,25,or_grok-4-3,forbidden-snippets,xhigh,,failed_constraint,sequence_valid,0,0,,
group,25,or_grok-4-3,forbidden-snippets,xhigh,,failed_constraint,min_length_fulfilled,0,0,,
group,25,or_grok-4-3,forbidden-snippets,xhigh,,failed_constraint,spatial_valid,0,0,,
group,25,or_grok-4-3,forbidden-snippets,xhigh,,failed_constraint,overlap_valid,0,0,,
group,25,or_grok-4-3,forbidden-snippets,xhigh,,failed_constraint,no_word_extension,0,0,,
group,25,or_grok-4-3,forbidden-snippets,xhigh,,failed_constraint,cross_words_valid,0,0,,
group,25,or_grok-4-3,forbidden-snippets,xhigh,,failed_constraint,rack_valid,0,0,,
group,25,or_grok-4-3,forbidden-snippets,xhigh,,timing,request_elapsed_seconds_mean,,,,0.12285995890852064
group,25,or_grok-4-3,forbidden-snippets,xhigh,,timing,request_elapsed_seconds_median,,,,0.12285995890852064
group,25,or_grok-4-3,forbidden-snippets,xhigh,,timing,request_elapsed_seconds_min,,,,0.12285995890852064
group,25,or_grok-4-3,forbidden-snippets,xhigh,,timing,request_elapsed_seconds_max,,,,0.12285995890852064
group,25,or_grok-4-3,forbidden-snippets,xhigh,,timing,request_elapsed_seconds_sum,,,,0.12285995890852064
group,25,or_kimi-k2-6,forbidden-snippets,xhigh,,outcome,passed,0,0,,
group,25,or_kimi-k2-6,forbidden-snippets,xhigh,,outcome,failed,0,0,,
group,25,or_kimi-k2-6,forbidden-snippets,xhigh,,outcome,transport_errors,1,1,1.0,
group,25,or_kimi-k2-6,forbidden-snippets,xhigh,,failed_constraint,parse_ok,0,0,,
group,25,or_kimi-k2-6,forbidden-snippets,xhigh,,failed_constraint,sequence_valid,0,0,,
group,25,or_kimi-k2-6,forbidden-snippets,xhigh,,failed_constraint,min_length_fulfilled,0,0,,
group,25,or_kimi-k2-6,forbidden-snippets,xhigh,,failed_constraint,spatial_valid,0,0,,
group,25,or_kimi-k2-6,forbidden-snippets,xhigh,,failed_constraint,overlap_valid,0,0,,
group,25,or_kimi-k2-6,forbidden-snippets,xhigh,,failed_constraint,no_word_extension,0,0,,
group,25,or_kimi-k2-6,forbidden-snippets,xhigh,,failed_constraint,cross_words_valid,0,0,,
group,25,or_kimi-k2-6,forbidden-snippets,xhigh,,failed_constraint,rack_valid,0,0,,
group,25,or_kimi-k2-6,forbidden-snippets,xhigh,,timing,request_elapsed_seconds_mean,,,,0.14499820803757757
group,25,or_kimi-k2-6,forbidden-snippets,xhigh,,timing,request_elapsed_seconds_median,,,,0.14499820803757757
group,25,or_kimi-k2-6,forbidden-snippets,xhigh,,timing,request_elapsed_seconds_min,,,,0.14499820803757757
group,25,or_kimi-k2-6,forbidden-snippets,xhigh,,timing,request_elapsed_seconds_max,,,,0.14499820803757757
group,25,or_kimi-k2-6,forbidden-snippets,xhigh,,timing,request_elapsed_seconds_sum,,,,0.14499820803757757
group,25,or_qwen3-7-max,forbidden-snippets,xhigh,,outcome,passed,0,0,,
group,25,or_qwen3-7-max,forbidden-snippets,xhigh,,outcome,failed,0,0,,
group,25,or_qwen3-7-max,forbidden-snippets,xhigh,,outcome,transport_errors,1,1,1.0,
group,25,or_qwen3-7-max,forbidden-snippets,xhigh,,failed_constraint,parse_ok,0,0,,
group,25,or_qwen3-7-max,forbidden-snippets,xhigh,,failed_constraint,sequence_valid,0,0,,
group,25,or_qwen3-7-max,forbidden-snippets,xhigh,,failed_constraint,min_length_fulfilled,0,0,,
group,25,or_qwen3-7-max,forbidden-snippets,xhigh,,failed_constraint,spatial_valid,0,0,,
group,25,or_qwen3-7-max,forbidden-snippets,xhigh,,failed_constraint,overlap_valid,0,0,,
group,25,or_qwen3-7-max,forbidden-snippets,xhigh,,failed_constraint,no_word_extension,0,0,,
group,25,or_qwen3-7-max,forbidden-snippets,xhigh,,failed_constraint,cross_words_valid,0,0,,
group,25,or_qwen3-7-max,forbidden-snippets,xhigh,,failed_constraint,rack_valid,0,0,,
group,25,or_qwen3-7-max,forbidden-snippets,xhigh,,timing,request_elapsed_seconds_mean,,,,0.3256953749805689
group,25,or_qwen3-7-max,forbidden-snippets,xhigh,,timing,request_elapsed_seconds_median,,,,0.3256953749805689
group,25,or_qwen3-7-max,forbidden-snippets,xhigh,,timing,request_elapsed_seconds_min,,,,0.3256953749805689
group,25,or_qwen3-7-max,forbidden-snippets,xhigh,,timing,request_elapsed_seconds_max,,,,0.3256953749805689
group,25,or_qwen3-7-max,forbidden-snippets,xhigh,,timing,request_elapsed_seconds_sum,,,,0.3256953749805689
group,450,or_claude-opus-4-8,forbidden-snippets,xhigh,,outcome,passed,0,0,,
group,450,or_claude-opus-4-8,forbidden-snippets,xhigh,,outcome,failed,0,0,,
group,450,or_claude-opus-4-8,forbidden-snippets,xhigh,,outcome,transport_errors,1,1,1.0,
group,450,or_claude-opus-4-8,forbidden-snippets,xhigh,,failed_constraint,parse_ok,0,0,,
group,450,or_claude-opus-4-8,forbidden-snippets,xhigh,,failed_constraint,sequence_valid,0,0,,
group,450,or_claude-opus-4-8,forbidden-snippets,xhigh,,failed_constraint,min_length_fulfilled,0,0,,
group,450,or_claude-opus-4-8,forbidden-snippets,xhigh,,failed_constraint,spatial_valid,0,0,,
group,450,or_claude-opus-4-8,forbidden-snippets,xhigh,,failed_constraint,overlap_valid,0,0,,
group,450,or_claude-opus-4-8,forbidden-snippets,xhigh,,failed_constraint,no_word_extension,0,0,,
group,450,or_claude-opus-4-8,forbidden-snippets,xhigh,,failed_constraint,cross_words_valid,0,0,,
group,450,or_claude-opus-4-8,forbidden-snippets,xhigh,,failed_constraint,rack_valid,0,0,,
group,450,or_claude-opus-4-8,forbidden-snippets,xhigh,,timing,request_elapsed_seconds_mean,,,,0.47280925000086427
group,450,or_claude-opus-4-8,forbidden-snippets,xhigh,,timing,request_elapsed_seconds_median,,,,0.47280925000086427
group,450,or_claude-opus-4-8,forbidden-snippets,xhigh,,timing,request_elapsed_seconds_min,,,,0.47280925000086427
group,450,or_claude-opus-4-8,forbidden-snippets,xhigh,,timing,request_elapsed_seconds_max,,,,0.47280925000086427
group,450,or_claude-opus-4-8,forbidden-snippets,xhigh,,timing,request_elapsed_seconds_sum,,,,0.47280925000086427
group,450,or_deepseek-v4-pro,forbidden-snippets,xhigh,,outcome,passed,0,0,,
group,450,or_deepseek-v4-pro,forbidden-snippets,xhigh,,outcome,failed,0,0,,
group,450,or_deepseek-v4-pro,forbidden-snippets,xhigh,,outcome,transport_errors,1,1,1.0,
group,450,or_deepseek-v4-pro,forbidden-snippets,xhigh,,failed_constraint,parse_ok,0,0,,
group,450,or_deepseek-v4-pro,forbidden-snippets,xhigh,,failed_constraint,sequence_valid,0,0,,
group,450,or_deepseek-v4-pro,forbidden-snippets,xhigh,,failed_constraint,min_length_fulfilled,0,0,,
group,450,or_deepseek-v4-pro,forbidden-snippets,xhigh,,failed_constraint,spatial_valid,0,0,,
group,450,or_deepseek-v4-pro,forbidden-snippets,xhigh,,failed_constraint,overlap_valid,0,0,,
group,450,or_deepseek-v4-pro,forbidden-snippets,xhigh,,failed_constraint,no_word_extension,0,0,,
group,450,or_deepseek-v4-pro,forbidden-snippets,xhigh,,failed_constraint,cross_words_valid,0,0,,
group,450,or_deepseek-v4-pro,forbidden-snippets,xhigh,,failed_constraint,rack_valid,0,0,,
group,450,or_deepseek-v4-pro,forbidden-snippets,xhigh,,timing,request_elapsed_seconds_mean,,,,0.17183695803396404
group,450,or_deepseek-v4-pro,forbidden-snippets,xhigh,,timing,request_elapsed_seconds_median,,,,0.17183695803396404
group,450,or_deepseek-v4-pro,forbidden-snippets,xhigh,,timing,request_elapsed_seconds_min,,,,0.17183695803396404
group,450,or_deepseek-v4-pro,forbidden-snippets,xhigh,,timing,request_elapsed_seconds_max,,,,0.17183695803396404
group,450,or_deepseek-v4-pro,forbidden-snippets,xhigh,,timing,request_elapsed_seconds_sum,,,,0.17183695803396404
group,450,or_gemini-3-1-pro,forbidden-snippets,xhigh,,outcome,passed,0,0,,
group,450,or_gemini-3-1-pro,forbidden-snippets,xhigh,,outcome,failed,0,0,,
group,450,or_gemini-3-1-pro,forbidden-snippets,xhigh,,outcome,transport_errors,1,1,1.0,
group,450,or_gemini-3-1-pro,forbidden-snippets,xhigh,,failed_constraint,parse_ok,0,0,,
group,450,or_gemini-3-1-pro,forbidden-snippets,xhigh,,failed_constraint,sequence_valid,0,0,,
group,450,or_gemini-3-1-pro,forbidden-snippets,xhigh,,failed_constraint,min_length_fulfilled,0,0,,
group,450,or_gemini-3-1-pro,forbidden-snippets,xhigh,,failed_constraint,spatial_valid,0,0,,
group,450,or_gemini-3-1-pro,forbidden-snippets,xhigh,,failed_constraint,overlap_valid,0,0,,
group,450,or_gemini-3-1-pro,forbidden-snippets,xhigh,,failed_constraint,no_word_extension,0,0,,
group,450,or_gemini-3-1-pro,forbidden-snippets,xhigh,,failed_constraint,cross_words_valid,0,0,,
group,450,or_gemini-3-1-pro,forbidden-snippets,xhigh,,failed_constraint,rack_valid,0,0,,
group,450,or_gemini-3-1-pro,forbidden-snippets,xhigh,,timing,request_elapsed_seconds_mean,,,,0.23781224992126226
group,450,or_gemini-3-1-pro,forbidden-snippets,xhigh,,timing,request_elapsed_seconds_median,,,,0.23781224992126226
group,450,or_gemini-3-1-pro,forbidden-snippets,xhigh,,timing,request_elapsed_seconds_min,,,,0.23781224992126226
group,450,or_gemini-3-1-pro,forbidden-snippets,xhigh,,timing,request_elapsed_seconds_max,,,,0.23781224992126226
group,450,or_gemini-3-1-pro,forbidden-snippets,xhigh,,timing,request_elapsed_seconds_sum,,,,0.23781224992126226
group,450,or_gpt-5-5,forbidden-snippets,xhigh,,outcome,passed,0,0,,
group,450,or_gpt-5-5,forbidden-snippets,xhigh,,outcome,failed,0,0,,
group,450,or_gpt-5-5,forbidden-snippets,xhigh,,outcome,transport_errors,1,1,1.0,
group,450,or_gpt-5-5,forbidden-snippets,xhigh,,failed_constraint,parse_ok,0,0,,
group,450,or_gpt-5-5,forbidden-snippets,xhigh,,failed_constraint,sequence_valid,0,0,,
group,450,or_gpt-5-5,forbidden-snippets,xhigh,,failed_constraint,min_length_fulfilled,0,0,,
group,450,or_gpt-5-5,forbidden-snippets,xhigh,,failed_constraint,spatial_valid,0,0,,
group,450,or_gpt-5-5,forbidden-snippets,xhigh,,failed_constraint,overlap_valid,0,0,,
group,450,or_gpt-5-5,forbidden-snippets,xhigh,,failed_constraint,no_word_extension,0,0,,
group,450,or_gpt-5-5,forbidden-snippets,xhigh,,failed_constraint,cross_words_valid,0,0,,
group,450,or_gpt-5-5,forbidden-snippets,xhigh,,failed_constraint,rack_valid,0,0,,
group,450,or_gpt-5-5,forbidden-snippets,xhigh,,timing,request_elapsed_seconds_mean,,,,0.40047483309172094
group,450,or_gpt-5-5,forbidden-snippets,xhigh,,timing,request_elapsed_seconds_median,,,,0.40047483309172094
group,450,or_gpt-5-5,forbidden-snippets,xhigh,,timing,request_elapsed_seconds_min,,,,0.40047483309172094
group,450,or_gpt-5-5,forbidden-snippets,xhigh,,timing,request_elapsed_seconds_max,,,,0.40047483309172094
group,450,or_gpt-5-5,forbidden-snippets,xhigh,,timing,request_elapsed_seconds_sum,,,,0.40047483309172094
group,450,or_grok-4-3,forbidden-snippets,xhigh,,outcome,passed,0,0,,
group,450,or_grok-4-3,forbidden-snippets,xhigh,,outcome,failed,0,0,,
group,450,or_grok-4-3,forbidden-snippets,xhigh,,outcome,transport_errors,1,1,1.0,
group,450,or_grok-4-3,forbidden-snippets,xhigh,,failed_constraint,parse_ok,0,0,,
group,450,or_grok-4-3,forbidden-snippets,xhigh,,failed_constraint,sequence_valid,0,0,,
group,450,or_grok-4-3,forbidden-snippets,xhigh,,failed_constraint,min_length_fulfilled,0,0,,
group,450,or_grok-4-3,forbidden-snippets,xhigh,,failed_constraint,spatial_valid,0,0,,
group,450,or_grok-4-3,forbidden-snippets,xhigh,,failed_constraint,overlap_valid,0,0,,
group,450,or_grok-4-3,forbidden-snippets,xhigh,,failed_constraint,no_word_extension,0,0,,
group,450,or_grok-4-3,forbidden-snippets,xhigh,,failed_constraint,cross_words_valid,0,0,,
group,450,or_grok-4-3,forbidden-snippets,xhigh,,failed_constraint,rack_valid,0,0,,
group,450,or_grok-4-3,forbidden-snippets,xhigh,,timing,request_elapsed_seconds_mean,,,,0.3061022909823805
group,450,or_grok-4-3,forbidden-snippets,xhigh,,timing,request_elapsed_seconds_median,,,,0.3061022909823805
group,450,or_grok-4-3,forbidden-snippets,xhigh,,timing,request_elapsed_seconds_min,,,,0.3061022909823805
group,450,or_grok-4-3,forbidden-snippets,xhigh,,timing,request_elapsed_seconds_max,,,,0.3061022909823805
group,450,or_grok-4-3,forbidden-snippets,xhigh,,timing,request_elapsed_seconds_sum,,,,0.3061022909823805
group,450,or_kimi-k2-6,forbidden-snippets,xhigh,,outcome,passed,0,0,,
group,450,or_kimi-k2-6,forbidden-snippets,xhigh,,outcome,failed,0,0,,
group,450,or_kimi-k2-6,forbidden-snippets,xhigh,,outcome,transport_errors,1,1,1.0,
group,450,or_kimi-k2-6,forbidden-snippets,xhigh,,failed_constraint,parse_ok,0,0,,
group,450,or_kimi-k2-6,forbidden-snippets,xhigh,,failed_constraint,sequence_valid,0,0,,
group,450,or_kimi-k2-6,forbidden-snippets,xhigh,,failed_constraint,min_length_fulfilled,0,0,,
group,450,or_kimi-k2-6,forbidden-snippets,xhigh,,failed_constraint,spatial_valid,0,0,,
group,450,or_kimi-k2-6,forbidden-snippets,xhigh,,failed_constraint,overlap_valid,0,0,,
group,450,or_kimi-k2-6,forbidden-snippets,xhigh,,failed_constraint,no_word_extension,0,0,,
group,450,or_kimi-k2-6,forbidden-snippets,xhigh,,failed_constraint,cross_words_valid,0,0,,
group,450,or_kimi-k2-6,forbidden-snippets,xhigh,,failed_constraint,rack_valid,0,0,,
group,450,or_kimi-k2-6,forbidden-snippets,xhigh,,timing,request_elapsed_seconds_mean,,,,0.5371005419874564
group,450,or_kimi-k2-6,forbidden-snippets,xhigh,,timing,request_elapsed_seconds_median,,,,0.5371005419874564
group,450,or_kimi-k2-6,forbidden-snippets,xhigh,,timing,request_elapsed_seconds_min,,,,0.5371005419874564
group,450,or_kimi-k2-6,forbidden-snippets,xhigh,,timing,request_elapsed_seconds_max,,,,0.5371005419874564
group,450,or_kimi-k2-6,forbidden-snippets,xhigh,,timing,request_elapsed_seconds_sum,,,,0.5371005419874564
group,450,or_qwen3-7-max,forbidden-snippets,xhigh,,outcome,passed,0,0,,
group,450,or_qwen3-7-max,forbidden-snippets,xhigh,,outcome,failed,0,0,,
group,450,or_qwen3-7-max,forbidden-snippets,xhigh,,outcome,transport_errors,1,1,1.0,
group,450,or_qwen3-7-max,forbidden-snippets,xhigh,,failed_constraint,parse_ok,0,0,,
group,450,or_qwen3-7-max,forbidden-snippets,xhigh,,failed_constraint,sequence_valid,0,0,,
group,450,or_qwen3-7-max,forbidden-snippets,xhigh,,failed_constraint,min_length_fulfilled,0,0,,
group,450,or_qwen3-7-max,forbidden-snippets,xhigh,,failed_constraint,spatial_valid,0,0,,
group,450,or_qwen3-7-max,forbidden-snippets,xhigh,,failed_constraint,overlap_valid,0,0,,
group,450,or_qwen3-7-max,forbidden-snippets,xhigh,,failed_constraint,no_word_extension,0,0,,
group,450,or_qwen3-7-max,forbidden-snippets,xhigh,,failed_constraint,cross_words_valid,0,0,,
group,450,or_qwen3-7-max,forbidden-snippets,xhigh,,failed_constraint,rack_valid,0,0,,
group,450,or_qwen3-7-max,forbidden-snippets,xhigh,,timing,request_elapsed_seconds_mean,,,,0.20675937493797392
group,450,or_qwen3-7-max,forbidden-snippets,xhigh,,timing,request_elapsed_seconds_median,,,,0.20675937493797392
group,450,or_qwen3-7-max,forbidden-snippets,xhigh,,timing,request_elapsed_seconds_min,,,,0.20675937493797392
group,450,or_qwen3-7-max,forbidden-snippets,xhigh,,timing,request_elapsed_seconds_max,,,,0.20675937493797392
group,450,or_qwen3-7-max,forbidden-snippets,xhigh,,timing,request_elapsed_seconds_sum,,,,0.20675937493797392
group,75,or_claude-opus-4-8,forbidden-snippets,xhigh,,outcome,passed,0,0,,
group,75,or_claude-opus-4-8,forbidden-snippets,xhigh,,outcome,failed,0,0,,
group,75,or_claude-opus-4-8,forbidden-snippets,xhigh,,outcome,transport_errors,1,1,1.0,
group,75,or_claude-opus-4-8,forbidden-snippets,xhigh,,failed_constraint,parse_ok,0,0,,
group,75,or_claude-opus-4-8,forbidden-snippets,xhigh,,failed_constraint,sequence_valid,0,0,,
group,75,or_claude-opus-4-8,forbidden-snippets,xhigh,,failed_constraint,min_length_fulfilled,0,0,,
group,75,or_claude-opus-4-8,forbidden-snippets,xhigh,,failed_constraint,spatial_valid,0,0,,
group,75,or_claude-opus-4-8,forbidden-snippets,xhigh,,failed_constraint,overlap_valid,0,0,,
group,75,or_claude-opus-4-8,forbidden-snippets,xhigh,,failed_constraint,no_word_extension,0,0,,
group,75,or_claude-opus-4-8,forbidden-snippets,xhigh,,failed_constraint,cross_words_valid,0,0,,
group,75,or_claude-opus-4-8,forbidden-snippets,xhigh,,failed_constraint,rack_valid,0,0,,
group,75,or_claude-opus-4-8,forbidden-snippets,xhigh,,timing,request_elapsed_seconds_mean,,,,0.3947816659929231
group,75,or_claude-opus-4-8,forbidden-snippets,xhigh,,timing,request_elapsed_seconds_median,,,,0.3947816659929231
group,75,or_claude-opus-4-8,forbidden-snippets,xhigh,,timing,request_elapsed_seconds_min,,,,0.3947816659929231
group,75,or_claude-opus-4-8,forbidden-snippets,xhigh,,timing,request_elapsed_seconds_max,,,,0.3947816659929231
group,75,or_claude-opus-4-8,forbidden-snippets,xhigh,,timing,request_elapsed_seconds_sum,,,,0.3947816659929231
group,75,or_deepseek-v4-pro,forbidden-snippets,xhigh,,outcome,passed,0,0,,
group,75,or_deepseek-v4-pro,forbidden-snippets,xhigh,,outcome,failed,0,0,,
group,75,or_deepseek-v4-pro,forbidden-snippets,xhigh,,outcome,transport_errors,1,1,1.0,
group,75,or_deepseek-v4-pro,forbidden-snippets,xhigh,,failed_constraint,parse_ok,0,0,,
group,75,or_deepseek-v4-pro,forbidden-snippets,xhigh,,failed_constraint,sequence_valid,0,0,,
group,75,or_deepseek-v4-pro,forbidden-snippets,xhigh,,failed_constraint,min_length_fulfilled,0,0,,
group,75,or_deepseek-v4-pro,forbidden-snippets,xhigh,,failed_constraint,spatial_valid,0,0,,
group,75,or_deepseek-v4-pro,forbidden-snippets,xhigh,,failed_constraint,overlap_valid,0,0,,
group,75,or_deepseek-v4-pro,forbidden-snippets,xhigh,,failed_constraint,no_word_extension,0,0,,
group,75,or_deepseek-v4-pro,forbidden-snippets,xhigh,,failed_constraint,cross_words_valid,0,0,,
group,75,or_deepseek-v4-pro,forbidden-snippets,xhigh,,failed_constraint,rack_valid,0,0,,
group,75,or_deepseek-v4-pro,forbidden-snippets,xhigh,,timing,request_elapsed_seconds_mean,,,,0.6170677499612793
group,75,or_deepseek-v4-pro,forbidden-snippets,xhigh,,timing,request_elapsed_seconds_median,,,,0.6170677499612793
group,75,or_deepseek-v4-pro,forbidden-snippets,xhigh,,timing,request_elapsed_seconds_min,,,,0.6170677499612793
group,75,or_deepseek-v4-pro,forbidden-snippets,xhigh,,timing,request_elapsed_seconds_max,,,,0.6170677499612793
group,75,or_deepseek-v4-pro,forbidden-snippets,xhigh,,timing,request_elapsed_seconds_sum,,,,0.6170677499612793
group,75,or_gemini-3-1-pro,forbidden-snippets,xhigh,,outcome,passed,0,0,,
group,75,or_gemini-3-1-pro,forbidden-snippets,xhigh,,outcome,failed,0,0,,
group,75,or_gemini-3-1-pro,forbidden-snippets,xhigh,,outcome,transport_errors,1,1,1.0,
group,75,or_gemini-3-1-pro,forbidden-snippets,xhigh,,failed_constraint,parse_ok,0,0,,
group,75,or_gemini-3-1-pro,forbidden-snippets,xhigh,,failed_constraint,sequence_valid,0,0,,
group,75,or_gemini-3-1-pro,forbidden-snippets,xhigh,,failed_constraint,min_length_fulfilled,0,0,,
group,75,or_gemini-3-1-pro,forbidden-snippets,xhigh,,failed_constraint,spatial_valid,0,0,,
group,75,or_gemini-3-1-pro,forbidden-snippets,xhigh,,failed_constraint,overlap_valid,0,0,,
group,75,or_gemini-3-1-pro,forbidden-snippets,xhigh,,failed_constraint,no_word_extension,0,0,,
group,75,or_gemini-3-1-pro,forbidden-snippets,xhigh,,failed_constraint,cross_words_valid,0,0,,
group,75,or_gemini-3-1-pro,forbidden-snippets,xhigh,,failed_constraint,rack_valid,0,0,,
group,75,or_gemini-3-1-pro,forbidden-snippets,xhigh,,timing,request_elapsed_seconds_mean,,,,0.5219328749226406
group,75,or_gemini-3-1-pro,forbidden-snippets,xhigh,,timing,request_elapsed_seconds_median,,,,0.5219328749226406
group,75,or_gemini-3-1-pro,forbidden-snippets,xhigh,,timing,request_elapsed_seconds_min,,,,0.5219328749226406
group,75,or_gemini-3-1-pro,forbidden-snippets,xhigh,,timing,request_elapsed_seconds_max,,,,0.5219328749226406
group,75,or_gemini-3-1-pro,forbidden-snippets,xhigh,,timing,request_elapsed_seconds_sum,,,,0.5219328749226406
group,75,or_gpt-5-5,forbidden-snippets,xhigh,,outcome,passed,0,0,,
group,75,or_gpt-5-5,forbidden-snippets,xhigh,,outcome,failed,0,0,,
group,75,or_gpt-5-5,forbidden-snippets,xhigh,,outcome,transport_errors,1,1,1.0,
group,75,or_gpt-5-5,forbidden-snippets,xhigh,,failed_constraint,parse_ok,0,0,,
group,75,or_gpt-5-5,forbidden-snippets,xhigh,,failed_constraint,sequence_valid,0,0,,
group,75,or_gpt-5-5,forbidden-snippets,xhigh,,failed_constraint,min_length_fulfilled,0,0,,
group,75,or_gpt-5-5,forbidden-snippets,xhigh,,failed_constraint,spatial_valid,0,0,,
group,75,or_gpt-5-5,forbidden-snippets,xhigh,,failed_constraint,overlap_valid,0,0,,
group,75,or_gpt-5-5,forbidden-snippets,xhigh,,failed_constraint,no_word_extension,0,0,,
group,75,or_gpt-5-5,forbidden-snippets,xhigh,,failed_constraint,cross_words_valid,0,0,,
group,75,or_gpt-5-5,forbidden-snippets,xhigh,,failed_constraint,rack_valid,0,0,,
group,75,or_gpt-5-5,forbidden-snippets,xhigh,,timing,request_elapsed_seconds_mean,,,,0.1077330419793725
group,75,or_gpt-5-5,forbidden-snippets,xhigh,,timing,request_elapsed_seconds_median,,,,0.1077330419793725
group,75,or_gpt-5-5,forbidden-snippets,xhigh,,timing,request_elapsed_seconds_min,,,,0.1077330419793725
group,75,or_gpt-5-5,forbidden-snippets,xhigh,,timing,request_elapsed_seconds_max,,,,0.1077330419793725
group,75,or_gpt-5-5,forbidden-snippets,xhigh,,timing,request_elapsed_seconds_sum,,,,0.1077330419793725
group,75,or_grok-4-3,forbidden-snippets,xhigh,,outcome,passed,0,0,,
group,75,or_grok-4-3,forbidden-snippets,xhigh,,outcome,failed,0,0,,
group,75,or_grok-4-3,forbidden-snippets,xhigh,,outcome,transport_errors,1,1,1.0,
group,75,or_grok-4-3,forbidden-snippets,xhigh,,failed_constraint,parse_ok,0,0,,
group,75,or_grok-4-3,forbidden-snippets,xhigh,,failed_constraint,sequence_valid,0,0,,
group,75,or_grok-4-3,forbidden-snippets,xhigh,,failed_constraint,min_length_fulfilled,0,0,,
group,75,or_grok-4-3,forbidden-snippets,xhigh,,failed_constraint,spatial_valid,0,0,,
group,75,or_grok-4-3,forbidden-snippets,xhigh,,failed_constraint,overlap_valid,0,0,,
group,75,or_grok-4-3,forbidden-snippets,xhigh,,failed_constraint,no_word_extension,0,0,,
group,75,or_grok-4-3,forbidden-snippets,xhigh,,failed_constraint,cross_words_valid,0,0,,
group,75,or_grok-4-3,forbidden-snippets,xhigh,,failed_constraint,rack_valid,0,0,,
group,75,or_grok-4-3,forbidden-snippets,xhigh,,timing,request_elapsed_seconds_mean,,,,0.3302625840296969
group,75,or_grok-4-3,forbidden-snippets,xhigh,,timing,request_elapsed_seconds_median,,,,0.3302625840296969
group,75,or_grok-4-3,forbidden-snippets,xhigh,,timing,request_elapsed_seconds_min,,,,0.3302625840296969
group,75,or_grok-4-3,forbidden-snippets,xhigh,,timing,request_elapsed_seconds_max,,,,0.3302625840296969
group,75,or_grok-4-3,forbidden-snippets,xhigh,,timing,request_elapsed_seconds_sum,,,,0.3302625840296969
group,75,or_kimi-k2-6,forbidden-snippets,xhigh,,outcome,passed,0,0,,
group,75,or_kimi-k2-6,forbidden-snippets,xhigh,,outcome,failed,0,0,,
group,75,or_kimi-k2-6,forbidden-snippets,xhigh,,outcome,transport_errors,1,1,1.0,
group,75,or_kimi-k2-6,forbidden-snippets,xhigh,,failed_constraint,parse_ok,0,0,,
group,75,or_kimi-k2-6,forbidden-snippets,xhigh,,failed_constraint,sequence_valid,0,0,,
group,75,or_kimi-k2-6,forbidden-snippets,xhigh,,failed_constraint,min_length_fulfilled,0,0,,
group,75,or_kimi-k2-6,forbidden-snippets,xhigh,,failed_constraint,spatial_valid,0,0,,
group,75,or_kimi-k2-6,forbidden-snippets,xhigh,,failed_constraint,overlap_valid,0,0,,
group,75,or_kimi-k2-6,forbidden-snippets,xhigh,,failed_constraint,no_word_extension,0,0,,
group,75,or_kimi-k2-6,forbidden-snippets,xhigh,,failed_constraint,cross_words_valid,0,0,,
group,75,or_kimi-k2-6,forbidden-snippets,xhigh,,failed_constraint,rack_valid,0,0,,
group,75,or_kimi-k2-6,forbidden-snippets,xhigh,,timing,request_elapsed_seconds_mean,,,,0.2518432500073686
group,75,or_kimi-k2-6,forbidden-snippets,xhigh,,timing,request_elapsed_seconds_median,,,,0.2518432500073686
group,75,or_kimi-k2-6,forbidden-snippets,xhigh,,timing,request_elapsed_seconds_min,,,,0.2518432500073686
group,75,or_kimi-k2-6,forbidden-snippets,xhigh,,timing,request_elapsed_seconds_max,,,,0.2518432500073686
group,75,or_kimi-k2-6,forbidden-snippets,xhigh,,timing,request_elapsed_seconds_sum,,,,0.2518432500073686
group,75,or_qwen3-7-max,forbidden-snippets,xhigh,,outcome,passed,0,0,,
group,75,or_qwen3-7-max,forbidden-snippets,xhigh,,outcome,failed,0,0,,
group,75,or_qwen3-7-max,forbidden-snippets,xhigh,,outcome,transport_errors,1,1,1.0,
group,75,or_qwen3-7-max,forbidden-snippets,xhigh,,failed_constraint,parse_ok,0,0,,
group,75,or_qwen3-7-max,forbidden-snippets,xhigh,,failed_constraint,sequence_valid,0,0,,
group,75,or_qwen3-7-max,forbidden-snippets,xhigh,,failed_constraint,min_length_fulfilled,0,0,,
group,75,or_qwen3-7-max,forbidden-snippets,xhigh,,failed_constraint,spatial_valid,0,0,,
group,75,or_qwen3-7-max,forbidden-snippets,xhigh,,failed_constraint,overlap_valid,0,0,,
group,75,or_qwen3-7-max,forbidden-snippets,xhigh,,failed_constraint,no_word_extension,0,0,,
group,75,or_qwen3-7-max,forbidden-snippets,xhigh,,failed_constraint,cross_words_valid,0,0,,
group,75,or_qwen3-7-max,forbidden-snippets,xhigh,,failed_constraint,rack_valid,0,0,,
group,75,or_qwen3-7-max,forbidden-snippets,xhigh,,timing,request_elapsed_seconds_mean,,,,0.34675487503409386
group,75,or_qwen3-7-max,forbidden-snippets,xhigh,,timing,request_elapsed_seconds_median,,,,0.34675487503409386
group,75,or_qwen3-7-max,forbidden-snippets,xhigh,,timing,request_elapsed_seconds_min,,,,0.34675487503409386
group,75,or_qwen3-7-max,forbidden-snippets,xhigh,,timing,request_elapsed_seconds_max,,,,0.34675487503409386
group,75,or_qwen3-7-max,forbidden-snippets,xhigh,,timing,request_elapsed_seconds_sum,,,,0.34675487503409386
group,900,or_claude-opus-4-8,forbidden-snippets,xhigh,,outcome,passed,0,0,,
group,900,or_claude-opus-4-8,forbidden-snippets,xhigh,,outcome,failed,0,0,,
group,900,or_claude-opus-4-8,forbidden-snippets,xhigh,,outcome,transport_errors,1,1,1.0,
group,900,or_claude-opus-4-8,forbidden-snippets,xhigh,,failed_constraint,parse_ok,0,0,,
group,900,or_claude-opus-4-8,forbidden-snippets,xhigh,,failed_constraint,sequence_valid,0,0,,
group,900,or_claude-opus-4-8,forbidden-snippets,xhigh,,failed_constraint,min_length_fulfilled,0,0,,
group,900,or_claude-opus-4-8,forbidden-snippets,xhigh,,failed_constraint,spatial_valid,0,0,,
group,900,or_claude-opus-4-8,forbidden-snippets,xhigh,,failed_constraint,overlap_valid,0,0,,
group,900,or_claude-opus-4-8,forbidden-snippets,xhigh,,failed_constraint,no_word_extension,0,0,,
group,900,or_claude-opus-4-8,forbidden-snippets,xhigh,,failed_constraint,cross_words_valid,0,0,,
group,900,or_claude-opus-4-8,forbidden-snippets,xhigh,,failed_constraint,rack_valid,0,0,,
group,900,or_claude-opus-4-8,forbidden-snippets,xhigh,,timing,request_elapsed_seconds_mean,,,,0.33770704199559987
group,900,or_claude-opus-4-8,forbidden-snippets,xhigh,,timing,request_elapsed_seconds_median,,,,0.33770704199559987
group,900,or_claude-opus-4-8,forbidden-snippets,xhigh,,timing,request_elapsed_seconds_min,,,,0.33770704199559987
group,900,or_claude-opus-4-8,forbidden-snippets,xhigh,,timing,request_elapsed_seconds_max,,,,0.33770704199559987
group,900,or_claude-opus-4-8,forbidden-snippets,xhigh,,timing,request_elapsed_seconds_sum,,,,0.33770704199559987
group,900,or_deepseek-v4-pro,forbidden-snippets,xhigh,,outcome,passed,0,0,,
group,900,or_deepseek-v4-pro,forbidden-snippets,xhigh,,outcome,failed,0,0,,
group,900,or_deepseek-v4-pro,forbidden-snippets,xhigh,,outcome,transport_errors,1,1,1.0,
group,900,or_deepseek-v4-pro,forbidden-snippets,xhigh,,failed_constraint,parse_ok,0,0,,
group,900,or_deepseek-v4-pro,forbidden-snippets,xhigh,,failed_constraint,sequence_valid,0,0,,
group,900,or_deepseek-v4-pro,forbidden-snippets,xhigh,,failed_constraint,min_length_fulfilled,0,0,,
group,900,or_deepseek-v4-pro,forbidden-snippets,xhigh,,failed_constraint,spatial_valid,0,0,,
group,900,or_deepseek-v4-pro,forbidden-snippets,xhigh,,failed_constraint,overlap_valid,0,0,,
group,900,or_deepseek-v4-pro,forbidden-snippets,xhigh,,failed_constraint,no_word_extension,0,0,,
group,900,or_deepseek-v4-pro,forbidden-snippets,xhigh,,failed_constraint,cross_words_valid,0,0,,
group,900,or_deepseek-v4-pro,forbidden-snippets,xhigh,,failed_constraint,rack_valid,0,0,,
group,900,or_deepseek-v4-pro,forbidden-snippets,xhigh,,timing,request_elapsed_seconds_mean,,,,0.4084767500171438
group,900,or_deepseek-v4-pro,forbidden-snippets,xhigh,,timing,request_elapsed_seconds_median,,,,0.4084767500171438
group,900,or_deepseek-v4-pro,forbidden-snippets,xhigh,,timing,request_elapsed_seconds_min,,,,0.4084767500171438
group,900,or_deepseek-v4-pro,forbidden-snippets,xhigh,,timing,request_elapsed_seconds_max,,,,0.4084767500171438
group,900,or_deepseek-v4-pro,forbidden-snippets,xhigh,,timing,request_elapsed_seconds_sum,,,,0.4084767500171438
group,900,or_gemini-3-1-pro,forbidden-snippets,xhigh,,outcome,passed,0,0,,
group,900,or_gemini-3-1-pro,forbidden-snippets,xhigh,,outcome,failed,0,0,,
group,900,or_gemini-3-1-pro,forbidden-snippets,xhigh,,outcome,transport_errors,1,1,1.0,
group,900,or_gemini-3-1-pro,forbidden-snippets,xhigh,,failed_constraint,parse_ok,0,0,,
group,900,or_gemini-3-1-pro,forbidden-snippets,xhigh,,failed_constraint,sequence_valid,0,0,,
group,900,or_gemini-3-1-pro,forbidden-snippets,xhigh,,failed_constraint,min_length_fulfilled,0,0,,
group,900,or_gemini-3-1-pro,forbidden-snippets,xhigh,,failed_constraint,spatial_valid,0,0,,
group,900,or_gemini-3-1-pro,forbidden-snippets,xhigh,,failed_constraint,overlap_valid,0,0,,
group,900,or_gemini-3-1-pro,forbidden-snippets,xhigh,,failed_constraint,no_word_extension,0,0,,
group,900,or_gemini-3-1-pro,forbidden-snippets,xhigh,,failed_constraint,cross_words_valid,0,0,,
group,900,or_gemini-3-1-pro,forbidden-snippets,xhigh,,failed_constraint,rack_valid,0,0,,
group,900,or_gemini-3-1-pro,forbidden-snippets,xhigh,,timing,request_elapsed_seconds_mean,,,,0.3628464589128271
group,900,or_gemini-3-1-pro,forbidden-snippets,xhigh,,timing,request_elapsed_seconds_median,,,,0.3628464589128271
group,900,or_gemini-3-1-pro,forbidden-snippets,xhigh,,timing,request_elapsed_seconds_min,,,,0.3628464589128271
group,900,or_gemini-3-1-pro,forbidden-snippets,xhigh,,timing,request_elapsed_seconds_max,,,,0.3628464589128271
group,900,or_gemini-3-1-pro,forbidden-snippets,xhigh,,timing,request_elapsed_seconds_sum,,,,0.3628464589128271
group,900,or_gpt-5-5,forbidden-snippets,xhigh,,outcome,passed,0,0,,
group,900,or_gpt-5-5,forbidden-snippets,xhigh,,outcome,failed,0,0,,
group,900,or_gpt-5-5,forbidden-snippets,xhigh,,outcome,transport_errors,1,1,1.0,
group,900,or_gpt-5-5,forbidden-snippets,xhigh,,failed_constraint,parse_ok,0,0,,
group,900,or_gpt-5-5,forbidden-snippets,xhigh,,failed_constraint,sequence_valid,0,0,,
group,900,or_gpt-5-5,forbidden-snippets,xhigh,,failed_constraint,min_length_fulfilled,0,0,,
group,900,or_gpt-5-5,forbidden-snippets,xhigh,,failed_constraint,spatial_valid,0,0,,
group,900,or_gpt-5-5,forbidden-snippets,xhigh,,failed_constraint,overlap_valid,0,0,,
group,900,or_gpt-5-5,forbidden-snippets,xhigh,,failed_constraint,no_word_extension,0,0,,
group,900,or_gpt-5-5,forbidden-snippets,xhigh,,failed_constraint,cross_words_valid,0,0,,
group,900,or_gpt-5-5,forbidden-snippets,xhigh,,failed_constraint,rack_valid,0,0,,
group,900,or_gpt-5-5,forbidden-snippets,xhigh,,timing,request_elapsed_seconds_mean,,,,0.33730479201767594
group,900,or_gpt-5-5,forbidden-snippets,xhigh,,timing,request_elapsed_seconds_median,,,,0.33730479201767594
group,900,or_gpt-5-5,forbidden-snippets,xhigh,,timing,request_elapsed_seconds_min,,,,0.33730479201767594
group,900,or_gpt-5-5,forbidden-snippets,xhigh,,timing,request_elapsed_seconds_max,,,,0.33730479201767594
group,900,or_gpt-5-5,forbidden-snippets,xhigh,,timing,request_elapsed_seconds_sum,,,,0.33730479201767594
group,900,or_grok-4-3,forbidden-snippets,xhigh,,outcome,passed,0,0,,
group,900,or_grok-4-3,forbidden-snippets,xhigh,,outcome,failed,0,0,,
group,900,or_grok-4-3,forbidden-snippets,xhigh,,outcome,transport_errors,1,1,1.0,
group,900,or_grok-4-3,forbidden-snippets,xhigh,,failed_constraint,parse_ok,0,0,,
group,900,or_grok-4-3,forbidden-snippets,xhigh,,failed_constraint,sequence_valid,0,0,,
group,900,or_grok-4-3,forbidden-snippets,xhigh,,failed_constraint,min_length_fulfilled,0,0,,
group,900,or_grok-4-3,forbidden-snippets,xhigh,,failed_constraint,spatial_valid,0,0,,
group,900,or_grok-4-3,forbidden-snippets,xhigh,,failed_constraint,overlap_valid,0,0,,
group,900,or_grok-4-3,forbidden-snippets,xhigh,,failed_constraint,no_word_extension,0,0,,
group,900,or_grok-4-3,forbidden-snippets,xhigh,,failed_constraint,cross_words_valid,0,0,,
group,900,or_grok-4-3,forbidden-snippets,xhigh,,failed_constraint,rack_valid,0,0,,
group,900,or_grok-4-3,forbidden-snippets,xhigh,,timing,request_elapsed_seconds_mean,,,,0.5046930419048294
group,900,or_grok-4-3,forbidden-snippets,xhigh,,timing,request_elapsed_seconds_median,,,,0.5046930419048294
group,900,or_grok-4-3,forbidden-snippets,xhigh,,timing,request_elapsed_seconds_min,,,,0.5046930419048294
group,900,or_grok-4-3,forbidden-snippets,xhigh,,timing,request_elapsed_seconds_max,,,,0.5046930419048294
group,900,or_grok-4-3,forbidden-snippets,xhigh,,timing,request_elapsed_seconds_sum,,,,0.5046930419048294
group,900,or_kimi-k2-6,forbidden-snippets,xhigh,,outcome,passed,0,0,,
group,900,or_kimi-k2-6,forbidden-snippets,xhigh,,outcome,failed,0,0,,
group,900,or_kimi-k2-6,forbidden-snippets,xhigh,,outcome,transport_errors,1,1,1.0,
group,900,or_kimi-k2-6,forbidden-snippets,xhigh,,failed_constraint,parse_ok,0,0,,
group,900,or_kimi-k2-6,forbidden-snippets,xhigh,,failed_constraint,sequence_valid,0,0,,
group,900,or_kimi-k2-6,forbidden-snippets,xhigh,,failed_constraint,min_length_fulfilled,0,0,,
group,900,or_kimi-k2-6,forbidden-snippets,xhigh,,failed_constraint,spatial_valid,0,0,,
group,900,or_kimi-k2-6,forbidden-snippets,xhigh,,failed_constraint,overlap_valid,0,0,,
group,900,or_kimi-k2-6,forbidden-snippets,xhigh,,failed_constraint,no_word_extension,0,0,,
group,900,or_kimi-k2-6,forbidden-snippets,xhigh,,failed_constraint,cross_words_valid,0,0,,
group,900,or_kimi-k2-6,forbidden-snippets,xhigh,,failed_constraint,rack_valid,0,0,,
group,900,or_kimi-k2-6,forbidden-snippets,xhigh,,timing,request_elapsed_seconds_mean,,,,0.27421941596549004
group,900,or_kimi-k2-6,forbidden-snippets,xhigh,,timing,request_elapsed_seconds_median,,,,0.27421941596549004
group,900,or_kimi-k2-6,forbidden-snippets,xhigh,,timing,request_elapsed_seconds_min,,,,0.27421941596549004
group,900,or_kimi-k2-6,forbidden-snippets,xhigh,,timing,request_elapsed_seconds_max,,,,0.27421941596549004
group,900,or_kimi-k2-6,forbidden-snippets,xhigh,,timing,request_elapsed_seconds_sum,,,,0.27421941596549004
group,900,or_qwen3-7-max,forbidden-snippets,xhigh,,outcome,passed,0,0,,
group,900,or_qwen3-7-max,forbidden-snippets,xhigh,,outcome,failed,0,0,,
group,900,or_qwen3-7-max,forbidden-snippets,xhigh,,outcome,transport_errors,1,1,1.0,
group,900,or_qwen3-7-max,forbidden-snippets,xhigh,,failed_constraint,parse_ok,0,0,,
group,900,or_qwen3-7-max,forbidden-snippets,xhigh,,failed_constraint,sequence_valid,0,0,,
group,900,or_qwen3-7-max,forbidden-snippets,xhigh,,failed_constraint,min_length_fulfilled,0,0,,
group,900,or_qwen3-7-max,forbidden-snippets,xhigh,,failed_constraint,spatial_valid,0,0,,
group,900,or_qwen3-7-max,forbidden-snippets,xhigh,,failed_constraint,overlap_valid,0,0,,
group,900,or_qwen3-7-max,forbidden-snippets,xhigh,,failed_constraint,no_word_extension,0,0,,
group,900,or_qwen3-7-max,forbidden-snippets,xhigh,,failed_constraint,cross_words_valid,0,0,,
group,900,or_qwen3-7-max,forbidden-snippets,xhigh,,failed_constraint,rack_valid,0,0,,
group,900,or_qwen3-7-max,forbidden-snippets,xhigh,,timing,request_elapsed_seconds_mean,,,,0.3431510840309784
group,900,or_qwen3-7-max,forbidden-snippets,xhigh,,timing,request_elapsed_seconds_median,,,,0.3431510840309784
group,900,or_qwen3-7-max,forbidden-snippets,xhigh,,timing,request_elapsed_seconds_min,,,,0.3431510840309784
group,900,or_qwen3-7-max,forbidden-snippets,xhigh,,timing,request_elapsed_seconds_max,,,,0.3431510840309784
group,900,or_qwen3-7-max,forbidden-snippets,xhigh,,timing,request_elapsed_seconds_sum,,,,0.3431510840309784
